Workbook

Sheet Бисекция
A1: f(x))=e^(-x) - x
A2: a= | B2: 0
A3: b= | B3: 1
A4: eps= | B4: 0.0001
A5: f(a)= | B5: =EXP(-B2)-B2 -> 1
A6: f(b) | B6: =EXP(-B3)-B3 -> -0.63212056
A8: Итерация | B8: a | C8: b | D8: c = (a+b)/2 | E8: f(c) | F8: f(a) * f(c) | G8: b - a | H8: |f(c)|
A9: 1 | B9: =B2 -> 0 | C9: =B3 -> 1 | D9: =(B9+C9)/2 -> 0.5 | E9: =EXP(-D9)-D9 -> 0.10653066 | F9: =E9*B5 -> 0.10653066 | G9: =C9-B9 -> 1 | H9: =ABS(E9) -> 0.10653066
A10: =A9+1 -> 2 | B10: =IF(F9<0,B9,D9) -> 0.5 | C10: =IF(F9<0,D9,C9) -> 1 | D10: =(B10+C10)/2 -> 0.75 | E10: =EXP(-D10)-D10 -> -0.27763345 | F10: =E10*($B$5) -> -0.27763345 | G10: =C10-B10 -> 0.5 | H10: =ABS(E10) -> 0.27763345
A11: =A10+1 -> 3 | B11: =IF(F10<0,B10,D10) -> 0.5 | C11: =IF(F10<0,D10,C10) -> 0.75 | D11: =(B11+C11)/2 -> 0.625 | E11: =EXP(-D11)-D11 -> -0.089738571 | F11: =E11*($B$5) -> -0.089738571 | G11: =C11-B11 -> 0.25 | H11: =ABS(E11) -> 0.089738571
A12: =A11+1 -> 4 | B12: =IF(F11<0,B11,D11) -> 0.5 | C12: =IF(F11<0,D11,C11) -> 0.625 | D12: =(B12+C12)/2 -> 0.5625 | E12: =EXP(-D12)-D12 -> 0.0072828247 | F12: =E12*($B$5) -> 0.0072828247 | G12: =C12-B12 -> 0.125 | H12: =ABS(E12) -> 0.0072828247
A13: =A12+1 -> 5 | B13: =IF(F12<0,B12,D12) -> 0.5625 | C13: =IF(F12<0,D12,C12) -> 0.625 | D13: =(B13+C13)/2 -> 0.59375 | E13: =EXP(-D13)-D13 -> -0.04149755 | F13: =E13*($B$5) -> -0.04149755 | G13: =C13-B13 -> 0.0625 | H13: =ABS(E13) -> 0.04149755
A14: =A13+1 -> 6 | B14: =IF(F13<0,B13,D13) -> 0.5625 | C14: =IF(F13<0,D13,C13) -> 0.59375 | D14: =(B14+C14)/2 -> 0.578125 | E14: =EXP(-D14)-D14 -> -0.017175839 | F14: =E14*($B$5) -> -0.017175839 | G14: =C14-B14 -> 0.03125 | H14: =ABS(E14) -> 0.017175839
A15: =A14+1 -> 7 | B15: =IF(F14<0,B14,D14) -> 0.5625 | C15: =IF(F14<0,D14,C14) -> 0.578125 | D15: =(B15+C15)/2 -> 0.5703125 | E15: =EXP(-D15)-D15 -> -0.0049637604 | F15: =E15*($B$5) -> -0.0049637604 | G15: =C15-B15 -> 0.015625 | H15: =ABS(E15) -> 0.0049637604
A16: =A15+1 -> 8 | B16: =IF(F15<0,B15,D15) -> 0.5625 | C16: =IF(F15<0,D15,C15) -> 0.5703125 | D16: =(B16+C16)/2 -> 0.56640625 | E16: =EXP(-D16)-D16 -> 0.001155202 | F16: =E16*($B$5) -> 0.001155202 | G16: =C16-B16 -> 0.0078125 | H16: =ABS(E16) -> 0.001155202
A17: =A16+1 -> 9 | B17: =IF(F16<0,B16,D16) -> 0.56640625 | C17: =IF(F16<0,D16,C16) -> 0.5703125 | D17: =(B17+C17)/2 -> 0.56835938 | E17: =EXP(-D17)-D17 -> -0.0019053596 | F17: =E17*($B$5) -> -0.0019053596 | G17: =C17-B17 -> 0.00390625 | H17: =ABS(E17) -> 0.0019053596
A18: =A17+1 -> 10 | B18: =IF(F17<0,B17,D17) -> 0.56640625 | C18: =IF(F17<0,D17,C17) -> 0.56835938 | D18: =(B18+C18)/2 -> 0.56738281 | E18: =EXP(-D18)-D18 -> -0.00037534917 | F18: =E18*($B$5) -> -0.00037534917 | G18: =C18-B18 -> 0.001953125 | H18: =ABS(E18) -> 0.00037534917
A19: =A18+1 -> 11 | B19: =IF(F18<0,B18,D18) -> 0.56640625 | C19: =IF(F18<0,D18,C18) -> 0.56738281 | D19: =(B19+C19)/2 -> 0.56689453 | E19: =EXP(-D19)-D19 -> 0.0003898588 | F19: =E19*($B$5) -> 0.0003898588 | G19: =C19-B19 -> 0.0009765625 | H19: =ABS(E19) -> 0.0003898588
A20: =A19+1 -> 12 | B20: =IF(F19<0,B19,D19) -> 0.56689453 | C20: =IF(F19<0,D19,C19) -> 0.56738281 | D20: =(B20+C20)/2 -> 0.56713867 | E20: =EXP(-D20)-D20 -> 7.2379118e-06 | F20: =E20*($B$5) -> 7.2379118e-06 | G20: =C20-B20 -> 0.00048828125 | H20: =ABS(E20) -> 7.2379118e-06
A21: =A20+1 -> 13 | B21: =IF(F20<0,B20,D20) -> 0.56713867 | C21: =IF(F20<0,D20,C20) -> 0.56738281 | D21: =(B21+C21)/2 -> 0.56726074 | E21: =EXP(-D21)-D21 -> -0.00018405985 | F21: =E21*($B$5) -> -0.00018405985 | G21: =C21-B21 -> 0.00024414062 | H21: =ABS(E21) -> 0.00018405985
A22: =A21+1 -> 14 | B22: =IF(F21<0,B21,D21) -> 0.56713867 | C22: =IF(F21<0,D21,C21) -> 0.56726074 | D22: =(B22+C22)/2 -> 0.56719971 | E22: =EXP(-D22)-D22 -> -8.8412027e-05 | F22: =E22*($B$5) -> -8.8412027e-05 | G22: =C22-B22 -> 0.00012207031 | H22: =ABS(E22) -> 8.8412027e-05

Sheet Простая_итерация
A1: phi(x)=e^(-x)
A2: x0 = | B2: 0.5
A3: eps = | B3: 0.0001
A4: phi'(x0) = | B4: =-EXP(-B2) -> -0.60653066
A6: n | B6: x_n | C6: x_{n+1}=phi(x_n) | D6: |x_{n+1}−x_n| | E6: f(x_{n+1})
A7: 0 | B7: =B2 -> 0.5 | C7: =EXP(-B7) -> 0.60653066 | D7: =ABS(C7-B7) -> 0.10653066 | E7: =EXP(-C7)-C7 -> -0.061291448
A8: =A7+1 -> 1 | B8: =C7 -> 0.60653066 | C8: =EXP(-B8) -> 0.54523921 | D8: =ABS(C8-B8) -> 0.061291448 | E8: =EXP(-C8)-C8 -> 0.034463883
A9: =A8+1 -> 2 | B9: =C8 -> 0.54523921 | C9: =EXP(-B9) -> 0.57970309 | D9: =ABS(C9-B9) -> 0.034463883 | E9: =EXP(-C9)-C9 -> -0.019638467
A10: =A9+1 -> 3 | B10: =C9 -> 0.57970309 | C10: =EXP(-B10) -> 0.56006463 | D10: =ABS(C10-B10) -> 0.019638467 | E10: =EXP(-C10)-C10 -> 0.011107521
A11: =A10+1 -> 4 | B11: =C10 -> 0.56006463 | C11: =EXP(-B11) -> 0.57117215 | D11: =ABS(C11-B11) -> 0.011107521 | E11: =EXP(-C11)-C11 -> -0.006309202
A12: =A11+1 -> 5 | B12: =C11 -> 0.57117215 | C12: =EXP(-B12) -> 0.56486295 | D12: =ABS(C12-B12) -> 0.006309202 | E12: =EXP(-C12)-C12 -> 0.0035751006
A13: =A12+1 -> 6 | B13: =C12 -> 0.56486295 | C13: =EXP(-B13) -> 0.56843805 | D13: =ABS(C13-B13) -> 0.0035751006 | E13: =EXP(-C13)-C13 -> -0.0020285948
A14: =A13+1 -> 7 | B14: =C13 -> 0.56843805 | C14: =EXP(-B14) -> 0.56640945 | D14: =ABS(C14-B14) -> 0.0020285948 | E14: =EXP(-C14)-C14 -> 0.0011501815
A15: =A14+1 -> 8 | B15: =C14 -> 0.56640945 | C15: =EXP(-B15) -> 0.56755963 | D15: =ABS(C15-B15) -> 0.0011501815 | E15: =EXP(-C15)-C15 -> -0.00065242133
A16: =A15+1 -> 9 | B16: =C15 -> 0.56755963 | C16: =EXP(-B16) -> 0.56690721 | D16: =ABS(C16-B16) -> 0.00065242133 | E16: =EXP(-C16)-C16 -> 0.00036998304
A17: =A16+1 -> 10 | B17: =C16 -> 0.56690721 | C17: =EXP(-B17) -> 0.5672772 | D17: =ABS(C17-B17) -> 0.00036998304 | E17: =EXP(-C17)-C17 -> -0.00020984412
A18: =A17+1 -> 11 | B18: =C17 -> 0.5672772 | C18: =EXP(-B18) -> 0.56706735 | D18: =ABS(C18-B18) -> 0.00020984412 | E18: =EXP(-C18)-C18 -> 0.00011900823
A19: =A18+1 -> 12 | B19: =C18 -> 0.56706735 | C19: =EXP(-B19) -> 0.56718636 | D19: =ABS(C19-B19) -> 0.00011900823 | E19: =EXP(-C19)-C19 -> -6.7495831e-05
... A28: =A27+1 -> 21 | B28: =C27 -> 0.56714375 | C28: =EXP(-B28) -> 0.56714303 | D28: =ABS(C28-B28) -> 7.2246494e-07 | E28: =EXP(-C28)-C28 -> 4.097411e-07

Sheet Ньютон
A1: f(x)=e^(-x)-x | B1: f'(x)=-e^(-x)-1
A2: x0 = | B2: 0
A3: eps = | B3: 0.0001
A5: k | B5: x_k | C5: f(x_k) | D5: f'(x_k) | E5: x_{k+1} | F5: |x_{k+1}−x_k|
A6: 0 | B6: =B2 -> 0 | C6: =EXP(-B6)-B6 -> 1 | D6: =-EXP(-B6)-1 -> -2 | E6: =B6-C6/D6 -> 0.5 | F6: =ABS(E6-B6) -> 0.5
A7: =A6+1 -> 1 | B7: =E6 -> 0.5 | C7: =EXP(-B7)-B7 -> 0.10653066 | D7: =-EXP(-B7)-1 -> -1.6065307 | E7: =B7-C7/D7 -> 0.566311 | F7: =ABS(E7-B7) -> 0.066311003
A8: =A7+1 -> 2 | B8: =E7 -> 0.566311 | C8: =EXP(-B8)-B8 -> 0.0013045098 | D8: =-EXP(-B8)-1 -> -1.5676155 | E8: =B8-C8/D8 -> 0.56714317 | F8: =ABS(E8-B8) -> 0.00083216184
A9: =A8+1 -> 3 | B9: =E8 -> 0.56714317 | C9: =EXP(-B9)-B9 -> 1.9648047e-07 | D9: =-EXP(-B9)-1 -> -1.5671434 | E9: =B9-C9/D9 -> 0.56714329 | F9: =ABS(E9-B9) -> 1.2537492e-07
A10: =A9+1 -> 4 | B10: =E9 -> 0.56714329 | C10: =EXP(-B10)-B10 -> 4.4408921e-15 | D10: =-EXP(-B10)-1 -> -1.5671433 | E10: =B10-C10/D10 -> 0.56714329 | F10: =ABS(E10-B10) -> 2.8865799e-15

Sheet Секущие
A1: f(x)=e^(-x)-x
A2: x0 = | B2: 0
A3: x1 = | B3: 1
A4: eps = | B4: 0.0001
A6: k | B6: x_{k−1} | C6: x_k | D6: f(x_k) | E6: f(x_{k+1}) | F6: |x_{k+1}−x_k|
A7: 0 | C7: =B2 -> 0 | D7: =EXP(-C7)-C7 -> 1
A8: 1 | B8: =C7 -> 0 | C8: =$B$3 -> 1 | D8: =EXP(-C8)-C8 -> -0.63212056 | E8: =C8-D8*(C8-B8)/(D8-(EXP(-B8)-B8)) -> 0.61269984 | F8: =ABS(E8-C8) -> 0.38730016
A9: =A8+1 -> 2 | B9: =C8 -> 1 | C9: =E8 -> 0.61269984 | D9: =EXP(-C9)-C9 -> -0.070813948 | E9: =C9-D9*(C9-B9)/(D9-(EXP(-B9)-B9)) -> 0.56383839 | F9: =ABS(E9-C9) -> 0.048861448
A10: =A9+1 -> 3 | B10: =C9 -> 0.61269984 | C10: =E9 -> 0.56383839 | D10: =EXP(-C10)-C10 -> 0.0051823545 | E10: =C10-D10*(C10-B10)/(D10-(EXP(-B10)-B10)) -> 0.56717036 | F10: =ABS(E10-C10) -> 0.0033319693
A11: =A10+1 -> 4 | B11: =C10 -> 0.56383839 | C11: =E10 -> 0.56717036 | D11: =EXP(-C11)-C11 -> -4.2419242e-05 | E11: =C11-D11*(C11-B11)/(D11-(EXP(-B11)-B11)) -> 0.56714331 | F11: =ABS(E11-C11) -> 2.7051815e-05
A12: =A11+1 -> 5 | B12: =C11 -> 0.56717036 | C12: =E11 -> 0.56714331 | D12: =EXP(-C12)-C12 -> -2.5380167e-08 | E12: =C12-D12*(C12-B12)/(D12-(EXP(-B12)-B12)) -> 0.56714329 | F12: =ABS(E12-C12) -> 1.6195259e-08
A13: =A12+1 -> 6 | B13: =C12 -> 0.56714331 | C13: =E12 -> 0.56714329 | D13: =EXP(-C13)-C13 -> 1.2423396e-13 | E13: =C13-D13*(C13-B13)/(D13-(EXP(-B13)-B13)) -> 0.56714329 | F13: =ABS(E13-C13) -> 7.9269924e-14

Sheet Лист5
A1: Метод | B1: Корень | C1: Итераций | D1: Невязка
A2: Бисекция | B2: =Бисекция!D22 -> 0.56719971 | C2: =Бисекция!A22 -> 14 | D2: =Бисекция!H22 -> 8.8412027e-05
A3: Простая итерация | B3: =Простая_итерация!C21 -> 0.56715714 | C3: =Простая_итерация!A21 -> 14 | D3: =ABS(Простая_итерация!E21) -> 2.1710048e-05
A4: Ньютон | B4: =Ньютон!B10 -> 0.56714329 | C4: =Ньютон!A10 -> 4 | D4: =ABS(Ньютон!C10) -> 4.4408921e-15
A5: Секущие | B5: =Секущие!C13 -> 0.56714329 | C5: =Секущие!A13 -> 6 | D5: =ABS(Секущие!D13) -> 1.2423396e-13
